,agent,step,test_id,avg_reward,std_reward
0,ia2c,600,-1,-873.5894348073315,1410.24085458236
1,ia2c,1200,-1,-1140.858375665315,1393.3269094061372
2,ia2c,1800,-1,-645.2835789805202,1133.3764292583373
3,ia2c,2400,-1,-725.8748880547422,949.3732647207222
4,ia2c,3000,-1,-1139.6747095359456,1281.0818521959095
5,ia2c,3180,-1,-930.8461292886153,1460.4007573971178
6,ia2c,3420,-1,-813.9920920354737,658.8348645251745
7,ia2c,4020,-1,-865.6638612814639,1367.3782531757236
8,ia2c,4200,-1,-814.3250892067513,944.4859948006809
9,ia2c,4800,-1,-871.5102101408421,1151.985288658745
10,ia2c,5400,-1,-859.5947544441715,969.8517615566792
11,ia2c,6000,-1,-50.28891914390477,70.95788023985041
12,ia2c,6600,-1,-962.8562851255859,1245.1104267835522
13,ia2c,7200,-1,-1259.9450046473064,1653.6861536177348
14,ia2c,7800,-1,-393.72401242560954,584.8434192404253
15,ia2c,8400,-1,-1112.7818681659753,1569.9582696258888
16,ia2c,8580,-1,-1033.3179908591496,1384.3364351729529
17,ia2c,9180,-1,-623.7912758893762,643.1234308031082
18,ia2c,9780,-1,-52.862414660606376,73.62769831383613
19,ia2c,10380,-1,-1373.5357948738324,1720.2730780382926
20,ia2c,10560,-1,-1224.9740343904407,1559.4837598637694
21,ia2c,11160,-1,-43.60704038311332,80.8186414861232
22,ia2c,11760,-1,-96.83519480275244,183.10684546222396
23,ia2c,12360,-1,-30.819050796732505,63.46006082665069
24,ia2c,12960,-1,-22.113514886336265,53.189480817185554
25,ia2c,13560,-1,-9.526682560447624,23.29714209344465
26,ia2c,14160,-1,-27.395500554468455,63.98245008765738
27,ia2c,14760,-1,-16.422137250645342,36.90975859348566
28,ia2c,15360,-1,-18.947424785680173,45.32081703113492
29,ia2c,15600,-1,-70.75650473094339,167.06499357800183
30,ia2c,16200,-1,-12.319412355078562,29.128787156242694
31,ia2c,16800,-1,-16.81228234841157,38.65274893793699
32,ia2c,17400,-1,-29.485037218966276,52.82606295674855
33,ia2c,18000,-1,-17.473069330850247,23.76908479650982
34,ia2c,18600,-1,-39.69675148353795,85.7336610547556
35,ia2c,19200,-1,-22.34988902575213,46.819756703672795
36,ia2c,19800,-1,-9.18487009232507,23.03506961240792
37,ia2c,20400,-1,-27.150873562309886,37.03062433085971
38,ia2c,21000,-1,-73.31096164358797,97.81707603823591
39,ia2c,21600,-1,-18.34279291945317,33.89103559538636
40,ia2c,22200,-1,-120.98931440256109,150.3316740604445
41,ia2c,22800,-1,-207.2156193219918,83.79523433419575
42,ia2c,23400,-1,-58.358577753001775,29.882986408856045
43,ia2c,24000,-1,-54.943532589900606,121.27376764004711
44,ia2c,24600,-1,-61.06439535076611,82.37672408503963
45,ia2c,25200,-1,-67.22268259995079,92.07751788017016
46,ia2c,25800,-1,-14.629027369493315,33.32780365860843
47,ia2c,26400,-1,-14.285779867480281,18.909274282661222
48,ia2c,27000,-1,-20.71090555535434,42.514339977844074
49,ia2c,27600,-1,-12.581909894796237,30.09709116819698
50,ia2c,28200,-1,-56.71714713151061,53.32861253570675
51,ia2c,28800,-1,-14.022057667877283,33.603818317683746
52,ia2c,29400,-1,-48.781054935457114,58.340154352165236
53,ia2c,30000,-1,-67.47630418843544,166.21000173444696
54,ia2c,30180,-1,-57.45956914053487,108.87275980926096
55,ia2c,30780,-1,-14.335515384857569,32.726495033045296
56,ia2c,31380,-1,-11.939683834969777,27.7211898479341
57,ia2c,31980,-1,-11.464791282895558,27.5974248877553
58,ia2c,32580,-1,-79.62279982423078,145.1998452229146
59,ia2c,33180,-1,-11.461551678915276,31.013378832951137
60,ia2c,33780,-1,-56.36900181213292,130.5439732540802
61,ia2c,34380,-1,-53.98316942863238,134.9756514359795
62,ia2c,34980,-1,-11.738852376809922,32.09858749592084
63,ia2c,35580,-1,-50.1958094581809,121.77465870188573
64,ia2c,36180,-1,-46.36100168078328,120.71872606121703
65,ia2c,36780,-1,-60.949243899959065,153.9185886823787
66,ia2c,37380,-1,-10.487086552226238,26.579686554195206
67,ia2c,37980,-1,-30.284089428082098,76.1553966145771
68,ia2c,38580,-1,-36.11479367286376,89.27315180636822
69,ia2c,39180,-1,-66.488364605374,159.47708320269098
70,ia2c,39780,-1,-72.12058539442522,164.27457685901828
71,ia2c,40380,-1,-378.6575992582372,760.2050567523011
72,ia2c,40980,-1,-1328.4295698781623,1773.193437754735
73,ia2c,41580,-1,-384.6697781528911,1011.3772960488818
74,ia2c,41760,-1,-1376.4588113044365,1678.026255998618
75,ia2c,42360,-1,-1329.3992171799805,1772.685185353532
76,ia2c,42960,-1,-1223.2209887020347,1723.5807613035768
77,ia2c,43560,-1,-1110.545699180145,1669.4639703030643
78,ia2c,44160,-1,-1445.9324368438897,1763.4411862556417
79,ia2c,44760,-1,-415.7329190780269,1005.0139236177419
80,ia2c,45360,-1,-12.60510373709221,31.800701377542442
81,ia2c,45960,-1,-26.960954336271897,70.02792463385158
82,ia2c,46560,-1,-20.183440819549823,55.860979185749
83,ia2c,47160,-1,-29.225024821571818,80.50561575724977
84,ia2c,47760,-1,-33.99295286133035,87.115044014186
85,ia2c,47940,-1,-1493.1425421825888,1713.129101147242
86,ia2c,48540,-1,-882.837262719217,1560.1872984579231
87,ia2c,49140,-1,-1049.7322496358838,1579.6207153373675
88,ia2c,49320,-1,-30.246188893356035,79.64613481751465
89,ia2c,49920,-1,-816.1637518547983,1284.645538720062
90,ia2c,50520,-1,-1173.7984477757482,1613.1898380598543
91,ia2c,51120,-1,-1289.4331325402607,1574.3840342301812
92,ia2c,51720,-1,-1522.1094145279947,1754.9108976018124
93,ia2c,52320,-1,-734.0537379299543,1331.6529352979169
94,ia2c,52500,-1,-60.453111279922815,164.37945962714787
95,ia2c,53100,-1,-13.305921171762154,38.9420898579433
96,ia2c,53700,-1,-66.76227449920873,165.2288909640664
97,ia2c,54300,-1,-30.972491991501034,77.10250493088863
98,ia2c,54900,-1,-10.862702133963698,29.978334139218
99,ia2c,55500,-1,-10.218916607268364,28.533430276402925
100,ia2c,56100,-1,-16.121555948691004,43.54281653143876
101,ia2c,56700,-1,-8.533937547856675,24.056795479172646
102,ia2c,57300,-1,-8.289156487044835,23.125050097653315
103,ia2c,57900,-1,-21.076408754288565,55.31335154404426
104,ia2c,58500,-1,-26.409844740025665,64.86693101730603
105,ia2c,59100,-1,-41.0673524655434,93.6789532979757
106,ia2c,59700,-1,-27.841716691182324,76.83001318101424
107,ia2c,60300,-1,-64.52150763471934,153.54777674023396
108,ia2c,60900,-1,-45.610169727524834,62.76484661198184
109,ia2c,61500,-1,-61.908919421162025,101.22871095052163
110,ia2c,62100,-1,-22.067321172915324,53.509402211740266
111,ia2c,62700,-1,-7.083250680205561,20.920375192056593
112,ia2c,63300,-1,-8.887272013548266,25.705342409259135
113,ia2c,63900,-1,-9.009267946885123,24.56261406507464
114,ia2c,64500,-1,-16.503537104821124,47.41119743110983
115,ia2c,65100,-1,-40.33110064681896,109.2593865679696
116,ia2c,65700,-1,-17.71821160837753,48.88903154536983
117,ia2c,66300,-1,-30.190712802617774,78.45761434121367
118,ia2c,66900,-1,-50.33740955980025,119.56366405175686
119,ia2c,67500,-1,-16.00380787242043,42.31137209189703
120,ia2c,68100,-1,-10.131035420694854,23.583425534881247
121,ia2c,68700,-1,-32.07769100652044,82.65152124718998
122,ia2c,69300,-1,-8.389212181963115,23.573597239483707
123,ia2c,69900,-1,-9.960579028943755,27.13526156498967
124,ia2c,70500,-1,-10.536868813671502,28.294683799658326
125,ia2c,71100,-1,-23.815224713964437,61.898157282420684
126,ia2c,71700,-1,-53.88324807330067,131.12513331257313
127,ia2c,72300,-1,-9.3208123520417,26.173534290226858
128,ia2c,72900,-1,-11.742898826111235,32.647664474962035
129,ia2c,73500,-1,-78.31077565540194,130.39156235916695
130,ia2c,74100,-1,-16.477738760469627,44.39167826038146
131,ia2c,74700,-1,-18.92403024854466,48.947572314103304
132,ia2c,75300,-1,-777.7432986775952,16.08709410763879
133,ia2c,75900,-1,-43.4331980624369,59.66742965221505
134,ia2c,76500,-1,-13.285721583184884,32.729435527536005
135,ia2c,77100,-1,-62.32204442981645,82.8746054038847
136,ia2c,77700,-1,-305.1553244765679,304.3973467101531
137,ia2c,78300,-1,-22.458870655683274,40.13484696080876
138,ia2c,78900,-1,-50.32584699769229,99.35441510619448
139,ia2c,79500,-1,-23.45551348287207,54.52536054171723
140,ia2c,80100,-1,-22.693304143088355,51.41457656777739
141,ia2c,80700,-1,-78.4353624518677,130.2276086465597
142,ia2c,81300,-1,-365.85084661376277,835.5365518027745
143,ia2c,81480,-1,-43.963676752698355,113.30302063706
144,ia2c,82080,-1,-31.029247993461972,73.60225091256373
145,ia2c,82680,-1,-50.215717747504044,109.84593985330882
146,ia2c,83280,-1,-35.04463009261486,74.33306617281126
147,ia2c,83880,-1,-34.34317246330873,61.61816227772926
148,ia2c,84480,-1,-78.19555967190416,170.49910107620323
149,ia2c,85080,-1,-280.6979774886005,190.65001464289298
150,ia2c,85680,-1,-24.26468236458015,41.793375714251134
151,ia2c,86280,-1,-341.7215789556063,247.8837441059892
152,ia2c,86880,-1,-1237.9465714775301,720.6198607141748
153,ia2c,87480,-1,-505.7777704776615,835.1954812519439
154,ia2c,88080,-1,-947.5188774000007,1074.7475888970855
155,ia2c,88680,-1,-1300.3325065996519,1525.3372066432967
156,ia2c,89280,-1,-691.1211282491587,762.5758147260196
157,ia2c,89880,-1,-666.0858087397932,414.2738959075658
158,ia2c,90480,-1,-1005.1030184580202,1011.2386537564106
159,ia2c,91080,-1,-801.034294434398,1030.047801421892
160,ia2c,91680,-1,-1065.1767190528035,659.5902139247345
161,ia2c,92280,-1,-1348.9592714325327,1631.8385983710316
162,ia2c,92880,-1,-297.81532976623913,402.6807254461247
163,ia2c,93480,-1,-411.6128046199087,799.3366583210225
164,ia2c,94080,-1,-368.4918370505979,806.0845489910074
165,ia2c,94680,-1,-94.48212562925464,128.88879808574603
166,ia2c,95280,-1,-607.9120459634865,1161.540580655493
167,ia2c,95880,-1,-478.4014706955874,0.0
168,ia2c,96480,-1,-212.77947442882427,23.426728546008732
169,ia2c,97080,-1,-391.22084878595757,65.39786986204365
170,ia2c,97680,-1,-736.5459646702747,21.681790692228287
171,ia2c,98280,-1,-1189.117163480901,237.80531000984575
172,ia2c,98880,-1,-289.06219319713483,262.8511679449366
173,ia2c,99480,-1,-826.9042242539085,469.773662900715
174,ia2c,100080,-1,-1095.6713032132236,1175.0905832076503
175,ia2c,100680,-1,-976.6340940547334,1541.8073196978619
176,ia2c,101280,-1,-1110.511842927196,1572.5723301350588
177,ia2c,101880,-1,-57.07573653628429,42.58726815821818
178,ia2c,102480,-1,-1057.880498386828,1567.4539749759167
179,ia2c,103080,-1,-1267.4046090416573,1696.4808792290128
180,ia2c,103680,-1,-34.08127313131742,55.163861937390195
181,ia2c,104280,-1,-19.50527073734554,36.09909014802098
182,ia2c,104880,-1,-386.0549539991164,835.570834686623
183,ia2c,105480,-1,-1100.859021836031,1488.577537951466
184,ia2c,106080,-1,-410.9194915998996,918.8124422270035
185,ia2c,106680,-1,-313.7366747610578,135.55628138357287
186,ia2c,107280,-1,-1294.0967120931577,1173.6751877826982
187,ia2c,107880,-1,-564.3310713733129,310.57277591616236
188,ia2c,108480,-1,-153.6769384774168,80.76811242478874
189,ia2c,109080,-1,-720.6464010096357,742.2030270993082
190,ia2c,109680,-1,-404.397748490479,433.73863115665046
191,ia2c,110280,-1,-225.98855154752144,281.88620557369046
192,ia2c,110880,-1,-73.87176773487818,82.4214616918738
193,ia2c,111480,-1,-885.8246536035739,224.30268024989368
194,ia2c,112080,-1,-790.9689593408538,1081.8091437553874
195,ia2c,112680,-1,-501.39383651068437,948.7454360208445
196,ia2c,113280,-1,-2383.3904016585543,2488.5653500195
197,ia2c,113520,-1,-828.675371156974,324.28165200089137
198,ia2c,114120,-1,-471.7246818566689,262.53750324764815
199,ia2c,114720,-1,-1186.1446869438707,450.825602435824
200,ia2c,115320,-1,-1173.62295666816,1253.508284213138
201,ia2c,115920,-1,-101.85815671790792,1.2881450506253678
202,ia2c,116520,-1,-291.36116001627784,2.1486110509057728
203,ia2c,117120,-1,-269.30445993093684,5.684341886080802e-14
204,ia2c,117720,-1,-234.84758980088014,4.140989640095548
205,ia2c,118320,-1,-223.357662008915,5.684341886080802e-14
206,ia2c,118920,-1,-480.21112652714675,148.58149300306025
207,ia2c,119520,-1,-643.8400925007777,48.219375082101216
208,ia2c,120120,-1,-637.425913603675,27.36348683950377
209,ia2c,120720,-1,-159.6492843795488,1.604921841089067
210,ia2c,121320,-1,-749.738229408696,29.807050730695543
211,ia2c,121920,-1,-291.38022736334176,5.684341886080802e-14
212,ia2c,122520,-1,-203.30969344271705,1.800774047814794
213,ia2c,123120,-1,-135.29669249712975,13.297229397755086
214,ia2c,123720,-1,-737.2086983829688,1401.2635362519839
215,ia2c,124320,-1,-242.6715520306208,20.11239534586273
216,ia2c,124920,-1,-450.6435957894591,45.27093824035897
217,ia2c,125520,-1,-424.3909873179328,923.5428222453572
218,ia2c,126120,-1,-125.92102016912698,132.96955870525906
219,ia2c,126720,-1,-986.5298100910302,1382.278536939777
220,ia2c,127320,-1,-742.3389999180426,3.3951245521066786
221,ia2c,127920,-1,-506.8508849242633,10.950778778793287
222,ia2c,128520,-1,-210.03708298796022,1.9165075539120935
223,ia2c,129120,-1,-622.9919514611723,22.80525090954638
224,ia2c,129720,-1,-757.7946404125717,0.0
225,ia2c,130320,-1,-334.4526411785873,5.679121516555021
226,ia2c,130920,-1,-560.8918147742853,2.959510218178769
227,ia2c,131520,-1,-293.5144258420688,10.636632698935733
228,ia2c,132120,-1,-31.162997671301085,42.96003979323709
229,ia2c,132720,-1,-29.335775609888586,34.492329272460594
230,ia2c,133320,-1,-500.1181867382944,2.7967656061010344
231,ia2c,133920,-1,-266.4357837344176,5.684341886080802e-14
232,ia2c,134520,-1,-483.9800865923311,49.41490548734391
233,ia2c,135120,-1,-815.4713916417164,1.1368683772161603e-13
234,ia2c,135720,-1,-681.5842681489816,1.1368683772161603e-13
235,ia2c,136320,-1,-720.2952269288944,3.34688787117795
236,ia2c,136920,-1,-418.9331536195873,0.0
237,ia2c,137520,-1,-445.0277422220753,5.684341886080802e-14
238,ia2c,138120,-1,-335.48713951755826,4.899126855859298
239,ia2c,138720,-1,-488.9567036773273,5.684341886080802e-14
240,ia2c,139320,-1,-362.9729846547507,0.0
241,ia2c,139920,-1,-131.94237828612032,2.842170943040401e-14
242,ia2c,140520,-1,-140.86330825473976,0.0
243,ia2c,141120,-1,-187.65304447787082,1.8144225043101438
244,ia2c,141720,-1,-569.9483252764651,0.0
245,ia2c,142320,-1,-127.64385730438376,1.4321675938835041
246,ia2c,142920,-1,-687.7406883964695,2.2737367544323206e-13
247,ia2c,143520,-1,-726.7208278078898,1.1368683772161603e-13
248,ia2c,144120,-1,-272.54368529891576,0.0
249,ia2c,144720,-1,-449.3012501420135,5.684341886080802e-14
250,ia2c,145320,-1,-147.52330415083347,0.0
251,ia2c,145920,-1,-363.7128922521035,2.386795048485401
252,ia2c,146520,-1,-688.0822011691914,1.1368683772161603e-13
253,ia2c,147120,-1,-99.61613889078936,14.98748093503798
254,ia2c,147720,-1,-318.96319968764175,5.598590205740905
255,ia2c,148320,-1,-98.78849287734154,48.58683795459448
256,ia2c,148920,-1,-500.58416275553475,1.1368683772161603e-13
257,ia2c,149520,-1,-133.10216101141594,2.842170943040401e-14
258,ia2c,150120,-1,-230.73315559186366,2.009838474595659
259,ia2c,150720,-1,-685.881939419708,2.2737367544323206e-13
260,ia2c,151320,-1,-313.1028551108816,2.2212875449006697
261,ia2c,151920,-1,-168.4916341827721,17.62140293725413
262,ia2c,152520,-1,-33.47650758308985,35.11279510319156
263,ia2c,153120,-1,-657.8334127630092,0.0
264,ia2c,153720,-1,-592.3203843821859,0.0
265,ia2c,154320,-1,-135.55628686834868,0.0
266,ia2c,154920,-1,-333.5450642341098,5.684341886080802e-14
267,ia2c,155520,-1,-126.13583180224838,2.1291098823482835
268,ia2c,156120,-1,-342.2955682968276,3.177754317667755
269,ia2c,156720,-1,-41.45479657875101,70.97281586105358
270,ia2c,157320,-1,-27.003922105035052,24.266412794495956
271,ia2c,157920,-1,-171.21233971913762,126.95909099242559
272,ia2c,158520,-1,-699.5287488913458,11.694349788668978
273,ia2c,159120,-1,-89.67480642358363,19.99552622143355
274,ia2c,159720,-1,-707.531793562281,1.1368683772161603e-13
275,ia2c,160320,-1,-84.45412527415094,5.599201050315912
276,ia2c,160920,-1,-257.4738589433551,5.684341886080802e-14
277,ia2c,161520,-1,-500.2404774013861,2.800697686071779
278,ia2c,162120,-1,-195.0929814698974,38.60378916677309
279,ia2c,162720,-1,-362.5904516576534,0.0
280,ia2c,163320,-1,-278.16896430409406,37.503838698845954
281,ia2c,163920,-1,-427.15195161254536,2.5877892573546775
282,ia2c,164520,-1,-159.55022782087488,206.85027182659596
283,ia2c,165120,-1,-242.16735573108537,165.5762725787834
284,ia2c,165720,-1,-638.9572952940463,0.0
285,ia2c,166320,-1,-729.594683624243,1.1368683772161603e-13
286,ia2c,166920,-1,-53.36752621480379,73.49321830615277
287,ia2c,167520,-1,-20.758632393730885,43.60012222156631
288,ia2c,168120,-1,-88.81931984485759,40.47244165988376
289,ia2c,168720,-1,-695.2755293757982,2.2737367544323206e-13
290,ia2c,169320,-1,-89.28896239951995,14.956295806616312
291,ia2c,169920,-1,-106.04032481909378,29.754051129853842
292,ia2c,170520,-1,-118.11011469237674,64.56036864736993
293,ia2c,171120,-1,-674.3562070008657,1.1368683772161603e-13
294,ia2c,171720,-1,-82.45335828481603,6.689810787878322
295,ia2c,172320,-1,-1114.0441156963905,1595.0218419240548
296,ia2c,172920,-1,-293.53316191678095,748.4586344384944
297,ia2c,173520,-1,-27.442843570733373,47.77683787724236
298,ia2c,174120,-1,-1299.6620149620198,1518.2404992463041
299,ia2c,174720,-1,-123.40906249879443,38.50609846005825
300,ia2c,175320,-1,-135.77462124125847,43.25346155060589
301,ia2c,175920,-1,-453.8777235766607,62.59073118753118
302,ia2c,176520,-1,-646.3636048645893,0.0
303,ia2c,177120,-1,-108.5990369107245,1.820718674533026
304,ia2c,177720,-1,-682.7569652614691,1.1368683772161603e-13
305,ia2c,178320,-1,-538.8495071330898,1.1368683772161603e-13
306,ia2c,178920,-1,-146.5360941947026,2.842170943040401e-14
307,ia2c,179520,-1,-47.2929786276421,31.7400995322605
308,ia2c,180120,-1,-132.70766791707862,0.0
309,ia2c,180720,-1,-122.58985910494627,0.0
310,ia2c,181320,-1,-709.2129226718515,0.0
311,ia2c,181920,-1,-556.3668023029692,111.55314044587215
312,ia2c,182520,-1,-357.7465903434149,5.684341886080802e-14
313,ia2c,183120,-1,-354.3048253790549,5.684341886080802e-14
314,ia2c,183720,-1,-392.4106899871564,0.0
315,ia2c,184320,-1,-429.4109554725868,5.684341886080802e-14
316,ia2c,184920,-1,-445.82887775448677,0.0
317,ia2c,185520,-1,-863.86168150951,0.0
318,ia2c,186120,-1,-323.6118338490956,5.684341886080802e-14
319,ia2c,186720,-1,-761.6925017602581,0.0
320,ia2c,187320,-1,-340.2495876708062,5.684341886080802e-14
321,ia2c,187920,-1,-273.91547036725336,11.01383006821115
322,ia2c,188520,-1,-262.05312183073636,5.684341886080802e-14
323,ia2c,189120,-1,-534.9768012361201,0.0
324,ia2c,189300,-1,-571.3657988164894,1.1368683772161603e-13
325,ia2c,189900,-1,-114.64660377758034,1.4210854715202004e-14
326,ia2c,190500,-1,-268.0358539072603,5.684341886080802e-14
327,ia2c,191100,-1,-576.4197134137288,1.1368683772161603e-13
328,ia2c,191700,-1,-607.882560161829,1.1368683772161603e-13
329,ia2c,192300,-1,-124.0206252185816,0.0
330,ia2c,192900,-1,-707.485023773169,1.1368683772161603e-13
331,ia2c,193500,-1,-245.89205765904674,5.684341886080802e-14
332,ia2c,194100,-1,-896.3792514136209,0.0
333,ia2c,194700,-1,-417.7044049518371,5.684341886080802e-14
334,ia2c,195300,-1,-355.9297796386498,3.4770008697429997
335,ia2c,195900,-1,-334.729123740416,5.684341886080802e-14
336,ia2c,196080,-1,-613.7034003125003,0.0
337,ia2c,196680,-1,-223.0551340589107,8.891907751006102
338,ia2c,197280,-1,-540.6531834876208,5.7603569086921915
339,ia2c,197880,-1,-398.07357237997695,64.49046567096774
340,ia2c,198480,-1,-86.44299758800453,4.765630615924516
341,ia2c,199080,-1,-1072.5133349294335,1188.3236687058654
342,ia2c,199680,-1,-642.1703499491796,3.272646229222099
343,ia2c,200280,-1,-103.78590298767662,5.017143961203111
344,ia2c,200880,-1,-160.89610298961512,12.735536106802186
345,ia2c,201480,-1,-132.8053628749436,6.117221820327527
346,ia2c,202080,-1,-242.20204744741739,2.842170943040401e-14
347,ia2c,202680,-1,-221.3689741335927,32.393858963186325
348,ia2c,203280,-1,-85.44767838297817,7.698631512593774
349,ia2c,203880,-1,-706.6210375339441,3.3117821828837726
350,ia2c,204480,-1,-265.1824768183031,100.48569767089487
351,ia2c,205080,-1,-307.33117879038184,24.544553603761337
352,ia2c,205680,-1,-87.09013016442226,38.56756670630642
353,ia2c,206280,-1,-149.88952326258985,2.043923077054414
354,ia2c,206880,-1,-456.56706129433877,7.103104960271927
355,ia2c,207480,-1,-101.84187380090165,22.726671697876835
356,ia2c,208080,-1,-331.31171847280297,211.37268912655531
357,ia2c,208680,-1,-590.5057935281366,569.5432854191629
358,ia2c,209280,-1,-99.81767502567854,5.314274075705747
359,ia2c,209880,-1,-232.22774460311746,4.7298354866130765
360,ia2c,210480,-1,-1346.4746769096653,1301.524661196303
361,ia2c,211080,-1,-1653.374308945683,1527.6451345645792
362,ia2c,211680,-1,-1241.7609644788392,1571.0286768758083
363,ia2c,212280,-1,-536.2723615368795,818.3389456622689
364,ia2c,212880,-1,-1573.6238059619318,1438.1012797543358
365,ia2c,213480,-1,-949.7163487473434,1337.7746883998332
366,ia2c,214080,-1,-306.5279173972285,213.4695467322344
367,ia2c,214680,-1,-1688.1492858523084,1413.5846294800367
368,ia2c,215280,-1,-1556.3261525767243,1427.8281893258647
369,ia2c,215880,-1,-850.7930835851738,2.2737367544323206e-13
370,ia2c,216480,-1,-276.8034770242913,524.538550791358
371,ia2c,217080,-1,-604.4794508380717,559.0701006550348
372,ia2c,217680,-1,-113.26200450118841,238.36090575799676
373,ia2c,218280,-1,-211.36193831436103,9.654626430065825
374,ia2c,218880,-1,-52.871326670802624,47.03544038237325
375,ia2c,219480,-1,-308.0871690167674,51.51990005423959
376,ia2c,220080,-1,-206.19196384756387,35.40179080285111
377,ia2c,220680,-1,-1230.2017246832454,1365.6101845910482
378,ia2c,221280,-1,-385.17192025938044,27.604964621838928
379,ia2c,221880,-1,-67.53266263278896,97.70889850799941
380,ia2c,222480,-1,-48.41713219874364,63.179415075520716
381,ia2c,223080,-1,-279.62153831296143,233.09776537295326
382,ia2c,223680,-1,-66.04874390924607,128.25701094177828
383,ia2c,224280,-1,-663.252839869961,1114.10869789927
384,ia2c,224880,-1,-71.25282710809573,154.51499472044637
385,ia2c,225480,-1,-858.9997969640665,2.2737367544323206e-13
386,ia2c,226080,-1,-351.2682608163796,1.1368683772161603e-13
387,ia2c,226680,-1,-581.0417681016185,102.35652224893563
388,ia2c,227280,-1,-43.02947302189302,60.7944862549125
389,ia2c,227880,-1,-396.2190212981978,83.89168776702716
390,ia2c,228480,-1,-92.50278387160728,201.2412691421071
391,ia2c,229080,-1,-716.1119963447399,2.2737367544323206e-13
392,ia2c,229680,-1,-111.76607325897035,108.5518179907727
393,ia2c,230280,-1,-382.73018867022773,156.6981274460437
394,ia2c,230880,-1,-12.100122615257998,25.206829755491118
395,ia2c,231480,-1,-719.2756084526117,1381.6625688283561
396,ia2c,232080,-1,-68.70116932664739,53.797431226706955
397,ia2c,232680,-1,-66.21280733364846,70.1910493419365
398,ia2c,233280,-1,-851.296789309514,2.2737367544323206e-13
399,ia2c,233880,-1,-892.8832170610638,1555.9565462250441
400,ia2c,234480,-1,-241.2700623146834,59.7871938289586
401,ia2c,235080,-1,-20.625303989434766,41.753005491410455
402,ia2c,235680,-1,-146.74826205354995,89.78955907744202
403,ia2c,236280,-1,-743.3510861552764,1.1368683772161603e-13
404,ia2c,236880,-1,-16.690618256785523,29.74066289702288
405,ia2c,237480,-1,-124.45262537544178,71.66776333045505
406,ia2c,238080,-1,-965.4156320632055,1546.1604968736629
407,ia2c,238680,-1,-896.3224960161839,0.0
408,ia2c,239280,-1,-524.763287674419,1011.6224027918299
409,ia2c,239880,-1,-158.32510078780498,124.51651470281288
410,ia2c,240480,-1,-833.7498367104763,0.0
411,ia2c,241080,-1,-113.68989446288137,144.84445148957604
412,ia2c,241680,-1,-749.0669775190879,0.0
413,ia2c,242280,-1,-115.57212529678269,127.69902273352366
414,ia2c,242880,-1,-61.12602609878379,78.85239084248319
415,ia2c,243480,-1,-1137.8957539663738,1584.9274247089159
416,ia2c,244080,-1,-47.28354856232575,117.27695429827412
417,ia2c,244680,-1,-12.306230517583414,25.39713853382834
418,ia2c,245280,-1,-253.04318216794664,118.49914401701095
419,ia2c,245880,-1,-892.5111609540645,1.1368683772161603e-13
420,ia2c,246480,-1,-22.015479401463214,48.81504558910648
421,ia2c,247080,-1,-45.3811837537079,88.18807478080137
422,ia2c,247680,-1,-33.269698831554315,66.78625288514006
423,ia2c,248280,-1,-56.13492386546379,85.42766019199054
424,ia2c,248880,-1,-41.15588995842546,64.44045909868399
425,ia2c,249480,-1,-328.6318098852432,335.93422353657445
426,ia2c,250080,-1,-147.04680648881492,144.806348120589
427,ia2c,250680,-1,-37.220011291605,82.77653357502261
428,ia2c,251280,-1,-19.703495773728335,35.810829626249784
429,ia2c,251880,-1,-82.70010029071595,91.64299410698493
430,ia2c,252480,-1,-53.78785963292931,64.38129746496615
431,ia2c,253080,-1,-288.2456245807733,321.26965681270997
432,ia2c,253680,-1,-106.16339698069007,135.47643485204856
433,ia2c,254280,-1,-12.23872627543673,31.645976515205113
434,ia2c,254880,-1,-12.513339015823911,26.23755463055818
435,ia2c,255480,-1,-39.492396116065805,98.1974128247796
436,ia2c,256080,-1,-177.7290533069756,74.08948447101602
437,ia2c,256680,-1,-9.379107194478022,18.329121715493567
438,ia2c,257280,-1,-81.65106382560974,152.3187270242272
439,ia2c,257880,-1,-66.2609354026073,113.31169762933442
440,ia2c,258480,-1,-1662.129267007265,1917.6484834838552
441,ia2c,259080,-1,-834.6891796703184,1.1368683772161603e-13
442,ia2c,259680,-1,-355.06547711537286,185.03846376704695
443,ia2c,260280,-1,-558.2611153713956,289.34534294123483
444,ia2c,260880,-1,-25.69300315482522,70.59249564724243
445,ia2c,261480,-1,-11.616537733601149,24.117375362689128
446,ia2c,262080,-1,-90.77899791870061,42.00915937789633
447,ia2c,262680,-1,-272.8894651166271,99.08003840751677
448,ia2c,263280,-1,-61.37897319617594,37.409240433256436
449,ia2c,263880,-1,-92.5801661241133,34.85841447150111
450,ia2c,264480,-1,-623.5450955755912,344.8101584162626
451,ia2c,265080,-1,-23.575884446621565,53.45780932847249
452,ia2c,265680,-1,-160.32951857550995,251.26152604977895
453,ia2c,266280,-1,-625.6045290009876,1.1368683772161603e-13
454,ia2c,266880,-1,-1253.096098874281,1660.8497136334627
455,ia2c,267480,-1,-45.05646167976799,65.90218988310252
456,ia2c,268080,-1,-26.550405211017676,64.8077037022075
457,ia2c,268680,-1,-57.57688219809823,92.09376325621483
458,ia2c,269280,-1,-72.42111592473451,108.21426204868206
459,ia2c,269880,-1,-1440.2844561298214,1746.3863581355156
460,ia2c,270480,-1,-428.71772727981346,893.322181116105
461,ia2c,271080,-1,-427.9092139005491,202.8780429613341
462,ia2c,271680,-1,-1412.2680015251337,1720.7321254779245
463,ia2c,272280,-1,-1389.661068399677,1714.0952979343988
464,ia2c,272880,-1,-325.8931687977441,686.4904394001893
465,ia2c,273480,-1,-182.5129701417902,99.14557071251765
466,ia2c,274080,-1,-61.92585294203344,145.9028043313658
467,ia2c,274680,-1,-72.65893723277334,130.8608605127888
468,ia2c,275280,-1,-21.425255250613905,43.66565465267205
469,ia2c,275880,-1,-60.453220941294205,135.67001480842237
470,ia2c,276480,-1,-21.765982990506895,47.960899854230284
471,ia2c,277080,-1,-10.604061118991488,19.497549874424806
472,ia2c,277680,-1,-16.280819695962023,38.22374023210078
473,ia2c,278280,-1,-22.439597390457482,33.68233162262654
474,ia2c,278880,-1,-51.8771885706368,137.739960493201
475,ia2c,279480,-1,-46.575035091388585,108.4234726620312
476,ia2c,280080,-1,-31.640090791482276,79.11509170242631
477,ia2c,280680,-1,-20.665185327978733,28.05935072384476
478,ia2c,281280,-1,-191.6355409816346,132.99157387014088
479,ia2c,281880,-1,-59.87556740388142,133.77329042532557
480,ia2c,282480,-1,-70.51843741584224,178.6840065501904
481,ia2c,283080,-1,-19.685256708370233,48.35932684004993
482,ia2c,283680,-1,-1574.196970877951,1724.2321398756637
483,ia2c,284280,-1,-1263.2133275298308,1655.0131895476727
484,ia2c,284880,-1,-1410.1860754682734,1787.1274436853805
485,ia2c,285480,-1,-89.81276732807254,12.452065752680019
486,ia2c,286080,-1,-21.640640264210752,44.62304188292497
487,ia2c,286680,-1,-58.84581890748821,101.54597593345154
488,ia2c,287280,-1,-33.115532940700604,56.970635348392165
489,ia2c,287880,-1,-73.88405131184943,173.92103306917474
490,ia2c,288480,-1,-16.943585845809583,28.206946466991138
491,ia2c,289080,-1,-94.70731173461914,77.6424858791849
492,ia2c,289680,-1,-116.34167940622206,18.590920424579974
493,ia2c,290280,-1,-94.3338596687264,204.4190224873
494,ia2c,290880,-1,-50.81434990042153,105.24026527455335
495,ia2c,291480,-1,-1054.3064156360988,1676.4783067829733
496,ia2c,292080,-1,-120.70514019300708,129.05803679190515
497,ia2c,292680,-1,-379.65235378150055,903.0270727919768
498,ia2c,293280,-1,-156.00739621157257,72.51388014182474
499,ia2c,293880,-1,-400.2465426545467,922.6661092343908
500,ia2c,294480,-1,-15.508404547793798,27.27670396458342
501,ia2c,295080,-1,-20.923567219395885,46.93990911877384
502,ia2c,295680,-1,-1396.153122887443,1688.594693487259
503,ia2c,296280,-1,-23.95336032764536,36.2119501204644
504,ia2c,296880,-1,-1490.4213324840684,1713.964408743719
505,ia2c,297480,-1,-116.97027550272935,40.66767461180254
506,ia2c,298080,-1,-80.02447999105713,132.8852451689123
507,ia2c,298680,-1,-63.526194966393284,87.61624210603154
508,ia2c,299280,-1,-552.8297508667293,868.1166582395829
509,ia2c,299880,-1,-40.31899476899746,75.22627567789854
510,ia2c,300480,-1,-442.7384558693858,889.955657559932
511,ia2c,301080,-1,-1488.3982622951344,1714.2411578774627
512,ia2c,301680,-1,-245.32527529996412,114.84348174748212
513,ia2c,302280,-1,-1143.9901689028118,1480.7792117660367
514,ia2c,302880,-1,-1446.2032477651103,1676.203550781971
515,ia2c,303480,-1,-867.1567613332985,1459.080265943948
516,ia2c,304080,-1,-551.28029795359,1195.4440819183578
517,ia2c,304680,-1,-13.22660100578249,24.305226460477943
518,ia2c,305280,-1,-1484.9680311716058,1780.1615804393728
519,ia2c,305880,-1,-1107.5886145558054,1361.5787763351123
520,ia2c,306480,-1,-1469.0904237092427,1748.2754371109156
521,ia2c,307080,-1,-1276.6207766569416,1627.406366637495
522,ia2c,307680,-1,-1311.4401451109848,1738.3813262373842
523,ia2c,308280,-1,-20.23556704653315,36.58793252204704
524,ia2c,308880,-1,-1221.402954378407,1677.6197092222508
525,ia2c,309480,-1,-771.7366338796166,1360.240172933424
526,ia2c,310080,-1,-912.8763146236697,1544.7958885856176
527,ia2c,310680,-1,-858.2839288671415,1462.545637840006
528,ia2c,311280,-1,-594.1963997470236,1096.760654308512
529,ia2c,311880,-1,-1189.1936336639017,1696.4403796265153
530,ia2c,312480,-1,-684.4012407775103,1211.9998439196208
531,ia2c,313080,-1,-1286.6824845645408,1662.4055709877591
532,ia2c,313680,-1,-602.3368380007408,1045.627629674131
533,ia2c,314280,-1,-322.1217944326368,634.8418592597857
534,ia2c,314880,-1,-273.96824328767303,492.08294207743216
535,ia2c,315480,-1,-35.61308480474413,84.1263089026177
536,ia2c,316080,-1,-43.963701352059445,22.815554800549133
537,ia2c,316680,-1,-1472.0878955831674,1724.0945126114577
538,ia2c,317280,-1,-84.11734385083314,38.893785376205436
539,ia2c,317880,-1,-25.19902679763258,43.120895568575946
540,ia2c,318480,-1,-15.455248171892697,31.048094669345456
541,ia2c,319080,-1,-109.49500884172133,143.1033139039965
542,ia2c,319680,-1,-39.18050382129877,63.35148858566896
543,ia2c,320280,-1,-54.88335704886819,80.46254461775055
544,ia2c,320880,-1,-65.3866578817357,21.584702863621853
545,ia2c,321480,-1,-29.85613894702612,48.947224838869474
546,ia2c,322080,-1,-102.7101539054428,110.13103047317935
547,ia2c,322680,-1,-822.5336566283368,1452.6717020221743
548,ia2c,323280,-1,-68.36670312164753,137.09389075964629
549,ia2c,323880,-1,-50.53622919256546,44.85606202527148
550,ia2c,324480,-1,-11.046108671046756,27.154103958307
551,ia2c,325080,-1,-25.20132312152738,34.64067326766349
552,ia2c,325680,-1,-76.19612214091931,123.30127662128096
553,ia2c,326280,-1,-67.73546595939678,116.97842299042108
554,ia2c,326880,-1,-48.79440368730811,118.68642766980098
555,ia2c,327480,-1,-206.52082059100042,160.1788864002852
556,ia2c,328080,-1,-27.7509880457046,49.27882115030704
557,ia2c,328680,-1,-61.06741457203089,149.74432403069932
558,ia2c,329280,-1,-66.43638347209874,113.22814187649148
559,ia2c,329880,-1,-38.37189348124679,57.11735524934458
560,ia2c,330480,-1,-59.02985865856829,153.3832561352509
561,ia2c,331080,-1,-17.826030767502154,22.842385107172902
562,ia2c,331680,-1,-18.531480012396415,33.04206625833296
563,ia2c,332280,-1,-12.588786827994026,33.137054002743106
564,ia2c,332880,-1,-21.2891639619194,45.226303603905876
565,ia2c,333480,-1,-88.05363446070419,152.0213654221794
566,ia2c,334080,-1,-31.89029326767018,65.2611435310756
567,ia2c,334680,-1,-11.762375648098978,18.77000028562652
568,ia2c,335280,-1,-19.610746292147336,32.10330119580576
569,ia2c,335880,-1,-49.38998692675104,113.44891392343611
570,ia2c,336480,-1,-121.66044720625592,101.3753995807628
571,ia2c,337080,-1,-30.504998994026863,30.02596496578893
572,ia2c,337680,-1,-35.05170249934066,85.79199424271063
573,ia2c,338280,-1,-75.79649800497683,87.96483883951524
574,ia2c,338880,-1,-18.369734184243423,21.68586402432568
575,ia2c,339480,-1,-114.02202877838911,128.78258756494998
576,ia2c,340080,-1,-101.22429562379415,5.300861116516971
577,ia2c,340680,-1,-39.89871428089177,72.40684840598104
578,ia2c,341280,-1,-33.50348220430536,61.5191787985386
579,ia2c,341880,-1,-62.50363614993148,159.67135154684414
580,ia2c,342480,-1,-86.40495862859625,158.37948854122976
581,ia2c,343080,-1,-56.118913385465895,96.60528260736811
582,ia2c,343680,-1,-61.62124792369374,96.31661688269102
583,ia2c,344280,-1,-127.91261590914709,158.66095591373448
584,ia2c,344880,-1,-105.46157860570041,99.62181224798454
585,ia2c,345480,-1,-298.03898912562676,204.80534703808007
586,ia2c,346080,-1,-54.64265688116218,68.85588614583959
587,ia2c,346680,-1,-93.09665988594226,129.730070437681
588,ia2c,347280,-1,-60.1202039278833,39.85472205669576
589,ia2c,347880,-1,-87.04827229279195,87.36973929434153
590,ia2c,348480,-1,-411.5122362421529,277.5927895355643
591,ia2c,349080,-1,-153.68431425999424,109.91078962388971
592,ia2c,349680,-1,-38.06405041252488,96.88025140882034
593,ia2c,350280,-1,-41.08602766092949,104.68697434169195
594,ia2c,350880,-1,-34.002584920038096,89.2628161066477
595,ia2c,351480,-1,-36.34556103017764,86.69224839356892
596,ia2c,352080,-1,-75.09390484358393,89.41152809037412
597,ia2c,352680,-1,-56.23479974120928,136.76367084829184
598,ia2c,353280,-1,-37.16476027666207,33.729714728247714
599,ia2c,353880,-1,-232.8600693690119,12.712706859713851
600,ia2c,354480,-1,-193.5042197668032,8.798090286442681
601,ia2c,355080,-1,-293.85332300913564,94.35861401775091
602,ia2c,355680,-1,-894.725569866482,1.1368683772161603e-13
603,ia2c,356280,-1,-47.078373327663634,121.75375439059317
604,ia2c,356880,-1,-191.44193532498147,2.842170943040401e-14
605,ia2c,357480,-1,-97.09074075341347,4.676170961939714
606,ia2c,358080,-1,-90.90523852895927,179.87847828328313
607,ia2c,358680,-1,-298.79763368868095,5.678386443885241
608,ia2c,359280,-1,-266.24066901282725,10.597815185492653
609,ia2c,359880,-1,-225.99613680328116,2.640308317023784
610,ia2c,360480,-1,-68.46084218607116,131.89048458538494
611,ia2c,361080,-1,-191.27966010093022,0.0
612,ia2c,361680,-1,-229.82489390298724,0.0
613,ia2c,362280,-1,-115.8612734844456,160.95739724303218
614,ia2c,362880,-1,-685.2519122231283,1218.1832880241398
615,ia2c,363480,-1,-476.477717181086,378.73603736636227
616,ia2c,364080,-1,-56.097328978125056,132.15800469348417
617,ia2c,364680,-1,-175.95630032684204,2.842170943040401e-14
618,ia2c,365280,-1,-238.4275161743844,2.5892148729328626
619,ia2c,365880,-1,-118.04836906553187,0.0
620,ia2c,366480,-1,-321.92398255319443,14.937634497090718
621,ia2c,367080,-1,-458.3097795385002,40.86115459791656
622,ia2c,367680,-1,-867.7054524200483,0.0
623,ia2c,368280,-1,-220.27589400984462,5.684341886080802e-14
624,ia2c,368880,-1,-316.5132975696238,5.684341886080802e-14
625,ia2c,369480,-1,-706.9677587888755,0.0
626,ia2c,370080,-1,-233.3525822872653,5.684341886080802e-14
627,ia2c,370680,-1,-74.17155247461766,180.45808770824655
628,ia2c,371280,-1,-134.00095656314105,256.580406005292
629,ia2c,371880,-1,-82.35179922700539,168.7617687346082
630,ia2c,372480,-1,-56.22768237127666,129.86448672774787
631,ia2c,373080,-1,-54.01766831354077,137.93755094926473
632,ia2c,373680,-1,-292.72232049130764,7.654290020542563
633,ia2c,374280,-1,-207.21576757738865,2.00503974505568
634,ia2c,374880,-1,-65.7443786017928,152.17709517736643
635,ia2c,375480,-1,-132.40235372622473,196.0223141456794
636,ia2c,376080,-1,-60.57697608911603,134.84362872950635
637,ia2c,376680,-1,-137.21604557728796,2.842170943040401e-14
638,ia2c,377280,-1,-240.94158940534646,6.971502841058764
639,ia2c,377880,-1,-228.86361526991632,2.0878298648492795
640,ia2c,378480,-1,-412.47211320078736,25.186926071259517
641,ia2c,379080,-1,-163.70275288144657,232.95757048218357
642,ia2c,379680,-1,-740.6963454808329,1106.6939537842263
643,ia2c,380280,-1,-355.1694939844026,11.332715217701926
644,ia2c,380880,-1,-269.2278093257451,5.684341886080802e-14
645,ia2c,381480,-1,-873.6070118370094,1263.697321030164
646,ia2c,382080,-1,-163.76980397682513,255.8306511387648
647,ia2c,382680,-1,-454.4119167275521,148.6797874549977
648,ia2c,383280,-1,-172.87707235276753,1.893384274444269
649,ia2c,383880,-1,-285.7898114825694,271.19770119828996
650,ia2c,384480,-1,-401.58730188769727,244.0507412687616
651,ia2c,385080,-1,-527.2835371005657,1.1368683772161603e-13
652,ia2c,385680,-1,-132.66698013461607,25.17596556693566
653,ia2c,386280,-1,-107.53599760705015,12.752036387259468
654,ia2c,386880,-1,-664.5657078320082,1145.2850262566844
655,ia2c,387480,-1,-127.65657888356691,14.974381275818118
656,ia2c,388080,-1,-889.3440350001458,1.1368683772161603e-13
657,ia2c,388680,-1,-138.3582927544639,213.2368547762349
658,ia2c,389280,-1,-295.9776132712169,5.684341886080802e-14
659,ia2c,389880,-1,-75.31037534959336,73.20490316741358
660,ia2c,390480,-1,-570.2163459015736,1063.252583097274
661,ia2c,391080,-1,-853.8703862024223,0.0
662,ia2c,391680,-1,-155.4472893519665,230.25927255168688
663,ia2c,392280,-1,-60.956771952240636,109.35312041982293
664,ia2c,392880,-1,-851.7604553814834,0.0
665,ia2c,393480,-1,-82.01030314798439,104.44562002575684
666,ia2c,394080,-1,-162.67202327541347,78.25155840543117
667,ia2c,394680,-1,-722.3499857091167,1143.0895246174052
668,ia2c,395280,-1,-716.5174046608394,1293.3377746723388
669,ia2c,395880,-1,-60.660187606148696,40.41004452704881
670,ia2c,396480,-1,-145.06534996988643,8.931171477289903
671,ia2c,397080,-1,-351.7468813321224,5.684341886080802e-14
672,ia2c,397680,-1,-17.382213057798545,27.410924892111364
673,ia2c,398280,-1,-781.6184376150118,922.4126233579789
674,ia2c,398880,-1,-62.576657872604265,8.69848213252279
675,ia2c,399480,-1,-89.46927930028923,138.73714769605328
676,ia2c,400080,-1,-54.40482522155442,36.97281915317387
677,ia2c,400680,-1,-808.1904180755773,1.1368683772161603e-13
678,ia2c,401280,-1,-226.17620474583217,223.48746234394892
679,ia2c,401880,-1,-45.98696226667584,75.60837466221797
680,ia2c,402480,-1,-190.76135430560637,185.9052026892352
681,ia2c,403080,-1,-28.893107306223033,67.0841022206395
682,ia2c,403680,-1,-33.712376045910474,76.97196189462862
683,ia2c,404280,-1,-11.511289150618449,25.824653632368488
684,ia2c,404880,-1,-237.41012125634725,250.9330449270027
685,ia2c,405480,-1,-12.70804921188775,23.355008328758533
686,ia2c,406080,-1,-23.40002340515615,41.607555392832204
687,ia2c,406680,-1,-31.03731914924734,79.78647451657612
688,ia2c,407280,-1,-33.94754479505463,88.48988964146857
689,ia2c,407880,-1,-13.608352381664705,34.39092427718803
690,ia2c,408480,-1,-60.621030296380766,145.1401487452801
691,ia2c,409080,-1,-7.244410656634483,19.54208362975387
692,ia2c,409680,-1,-24.452707078672194,63.93042020754041
693,ia2c,410280,-1,-28.786027771642548,75.19732869243238
694,ia2c,410880,-1,-13.201363245699321,30.287972271773075
695,ia2c,411480,-1,-24.342354180442136,63.04539291248005
696,ia2c,412080,-1,-302.13372458108,732.3340226015099
697,ia2c,412680,-1,-559.8653315925013,1202.5371426703184
698,ia2c,413280,-1,-15.013892965111108,39.39566365544319
699,ia2c,413880,-1,-44.44439485033686,114.33267595553932
700,ia2c,414480,-1,-70.12657024887439,160.1150949933324
701,ia2c,415080,-1,-16.80194317248987,39.497311226677056
702,ia2c,415680,-1,-10.404231826287354,25.622197308641628
703,ia2c,416280,-1,-241.21147530142397,290.64031608604165
704,ia2c,416880,-1,-780.2487668748453,0.0
705,ia2c,417480,-1,-35.25819250334252,89.2679405970671
706,ia2c,418080,-1,-57.264416221161945,141.4728044460829
707,ia2c,418680,-1,-89.45929670474334,166.47471005399007
708,ia2c,419280,-1,-408.9421248906549,869.0263808631995
709,ia2c,419880,-1,-63.39548088189033,87.98756577157255
710,ia2c,420480,-1,-939.7953286953551,1459.8412715612433
711,ia2c,421080,-1,-30.961850496906838,60.479869045715034
712,ia2c,421680,-1,-54.51359308911531,94.92499885774065
713,ia2c,422280,-1,-67.27735030229977,113.35361593955565
714,ia2c,422880,-1,-63.313893091062276,106.88324283245872
715,ia2c,423480,-1,-41.77527450355217,73.4114066153238
716,ia2c,424080,-1,-17.082240215166895,45.0511289471789
717,ia2c,424680,-1,-7.317020571081071,19.228920798594192
718,ia2c,425280,-1,-14.569262732005813,39.328425316359485
719,ia2c,425880,-1,-71.1574188935558,147.02966895270598
720,ia2c,426480,-1,-25.94236244544548,58.066360516824965
721,ia2c,427080,-1,-57.51970455681453,155.88249268628627
722,ia2c,427680,-1,-9.450301057392892,20.63068065332931
723,ia2c,428280,-1,-38.0336144724918,98.71573773123853
724,ia2c,428880,-1,-37.277181262279754,89.27701963566726
725,ia2c,429480,-1,-106.42305164982551,168.95864932307816
726,ia2c,430080,-1,-58.23221684908611,105.96182740038878
727,ia2c,430680,-1,-52.35949709774875,56.54008290515789
728,ia2c,431280,-1,-217.27737900969174,96.4828964068578
729,ia2c,431880,-1,-90.52328177468821,174.4396761545717
730,ia2c,432480,-1,-88.27546389544818,145.2048285799626
731,ia2c,433080,-1,-70.629052283882,158.6945215087096
732,ia2c,433680,-1,-32.21198183681851,76.7669456027201
733,ia2c,434280,-1,-67.59512429170462,49.03719654592093
734,ia2c,434880,-1,-1256.3951431350242,1633.498982137376
735,ia2c,435480,-1,-51.950723175671904,70.4161219580373
736,ia2c,436080,-1,-1075.0707501707884,1490.8736606825241
737,ia2c,436680,-1,-77.05399097851452,96.20295901883397
738,ia2c,437280,-1,-98.12422160875597,142.7311618502844
739,ia2c,437880,-1,-34.796291670334334,40.20939016374562
740,ia2c,438480,-1,-35.08592335521989,62.46453434700684
741,ia2c,439080,-1,-47.25312845032941,67.86576160002177
742,ia2c,439680,-1,-82.6642717361004,110.20067805615453
743,ia2c,440280,-1,-136.0925101178546,179.35137117066557
744,ia2c,440880,-1,-163.03265411278514,244.51193255242913
745,ia2c,441480,-1,-69.77792405213398,114.36410075410218
746,ia2c,442080,-1,-250.23503255633176,263.0485122018416
747,ia2c,442680,-1,-113.95102563373509,171.5400801461063
748,ia2c,443280,-1,-114.2647129670221,116.16427207595011
749,ia2c,443880,-1,-16.428757943747257,31.14356732573646
750,ia2c,444480,-1,-13.730087375981368,23.935890836566756
751,ia2c,445080,-1,-139.26060945000174,141.31804856668592
752,ia2c,445680,-1,-72.98834459586267,108.42744674110342
753,ia2c,446280,-1,-145.25173287524802,75.45028934477547
754,ia2c,446880,-1,-50.622216773531775,36.83924617997792
755,ia2c,447480,-1,-64.01189870484156,90.24009653041111
756,ia2c,448080,-1,-1608.0171419401945,1697.2847520299981
757,ia2c,448680,-1,-491.7580456171299,358.44265911978516
758,ia2c,449280,-1,-1221.6422127819872,1542.3008890199949
759,ia2c,449880,-1,-73.91654490894088,60.075823522543025
760,ia2c,450480,-1,-1178.677808316359,1579.5823118865462
761,ia2c,451080,-1,-98.9177213017989,113.56899127329588
762,ia2c,451680,-1,-181.85045300338209,182.1563693335541
763,ia2c,452280,-1,-13.795064919953647,23.625332982538506
764,ia2c,452880,-1,-117.0549302996367,151.61780646767818
765,ia2c,453480,-1,-71.87549050222668,91.30951288387516
766,ia2c,454080,-1,-42.911766090837986,76.1830762887532
767,ia2c,454680,-1,-306.6232246708546,293.99269792612483
768,ia2c,455280,-1,-100.72900463735893,175.75587593098723
769,ia2c,455880,-1,-56.344595885879926,124.06458492960304
770,ia2c,456480,-1,-23.006446530546544,41.926581281030934
771,ia2c,457080,-1,-55.5423683968223,128.85684516967856
772,ia2c,457680,-1,-60.967718471269826,99.27482625757827
773,ia2c,458280,-1,-28.215870539373675,43.22727817887402
774,ia2c,458880,-1,-116.1203615288157,154.45202040242148
775,ia2c,459480,-1,-100.89318017803383,135.56795079956018
776,ia2c,460080,-1,-10.74088576969665,26.922917541220002
777,ia2c,460680,-1,-180.7181632818741,13.826476793663709
778,ia2c,461280,-1,-148.6700491268689,113.09274036269818
779,ia2c,461880,-1,-367.1382304809872,46.592817647452
780,ia2c,462480,-1,-44.99219033239331,92.01089961409578
781,ia2c,463080,-1,-559.4631364423341,1148.3972337530759
782,ia2c,463680,-1,-71.17243363111643,81.3397653627127
783,ia2c,464280,-1,-34.39224536196346,45.82122814464961
784,ia2c,464880,-1,-580.6538473838497,74.2806578177198
785,ia2c,465480,-1,-54.416200167789114,55.650700287751114
786,ia2c,466080,-1,-38.17641132478026,51.80829762557776
787,ia2c,466680,-1,-519.2928251463289,163.1383012236034
788,ia2c,467280,-1,-61.72325724040889,103.54286470813207
789,ia2c,467880,-1,-19.69947563936114,27.785279657953826
790,ia2c,468480,-1,-75.64037156351039,115.37080143901142
791,ia2c,469080,-1,-38.81240272435196,71.52265742133235
792,ia2c,469680,-1,-214.425205741806,206.92189362602744
793,ia2c,470280,-1,-200.23170404644335,140.42172025242553
794,ia2c,470880,-1,-223.42895626440983,142.18342819741557
795,ia2c,471480,-1,-838.886470981393,116.0375531334406
796,ia2c,472080,-1,-777.8040248440674,106.92043833165185
797,ia2c,472680,-1,-854.9577743977196,130.26813429697182
798,ia2c,473280,-1,-55.08067274187076,77.14896690532419
799,ia2c,473880,-1,-58.237037706176764,79.8577939784621
800,ia2c,474480,-1,-13.707475830134626,26.155730889112426
801,ia2c,475080,-1,-58.9537206024165,54.00637980821558
802,ia2c,475680,-1,-53.300046047290756,77.32330101527586
803,ia2c,476280,-1,-93.03531309498747,124.19880383531451
804,ia2c,476880,-1,-782.8022678041086,1271.6666978058795
805,ia2c,477480,-1,-115.94722732855497,130.4626969412228
806,ia2c,478080,-1,-510.1671283302498,63.67494394507905
807,ia2c,478680,-1,-148.6364116157022,15.403580996564695
808,ia2c,479280,-1,-667.0253116656031,168.50899352161392
809,ia2c,479880,-1,-27.08091808737801,47.54416416420534
810,ia2c,480480,-1,-363.9898930767209,111.63726543219033
811,ia2c,481080,-1,-193.46770792337156,143.2756951712882
812,ia2c,481680,-1,-143.87419072207467,32.42315013893587
813,ia2c,482280,-1,-526.0917441416823,418.6525207882472
814,ia2c,482880,-1,-164.07581261138057,157.490104771039
815,ia2c,483480,-1,-55.55940015125064,58.39294455359383
816,ia2c,484080,-1,-81.71265994360805,65.94595845470268
817,ia2c,484680,-1,-806.7621729456212,1373.658202472994
818,ia2c,485280,-1,-15.493465769591591,21.903949121822624
819,ia2c,485880,-1,-71.2830579964906,150.99719244594354
820,ia2c,486480,-1,-42.67386555947845,96.88889895107657
821,ia2c,487080,-1,-29.570602458154443,53.76059490203617
822,ia2c,487680,-1,-29.235340330772786,74.74026077122106
823,ia2c,488280,-1,-17.491365927375643,48.880173701016545
824,ia2c,488880,-1,-21.732308413905262,63.0082646098866
825,ia2c,489480,-1,-88.75258554150646,98.00162346180726
826,ia2c,490080,-1,-44.17291304729353,92.77621141759965
827,ia2c,490680,-1,-201.3496684147693,138.09225369113295
828,ia2c,491280,-1,-33.627849866570266,81.87536823915694
829,ia2c,491880,-1,-52.33079025558029,100.33006803064636
830,ia2c,492480,-1,-712.7894232091826,1135.5846584976293
831,ia2c,493080,-1,-776.5748795145909,1326.258854800405
832,ia2c,493680,-1,-392.0131144761135,558.8862879532517
833,ia2c,494280,-1,-570.6840972810129,606.3339961818189
834,ia2c,494880,-1,-1399.8469195154576,1773.9801057322209
835,ia2c,495480,-1,-77.14086318562295,85.53253782080972
836,ia2c,496080,-1,-179.1817470599333,172.8102317364843
837,ia2c,496680,-1,-138.4144042116748,136.26239251239605
838,ia2c,497280,-1,-15.26012306042851,20.044760164976115
839,ia2c,497880,-1,-82.57905688026918,172.45253047112428
840,ia2c,498480,-1,-77.33509294686866,109.65719548485185
841,ia2c,499080,-1,-24.438682390110564,20.677540157740886
842,ia2c,499680,-1,-25.823189662302394,41.40092579857553
843,ia2c,500280,-1,-103.23902816330727,86.8632688606635
